species,algorithm,tss_mean,tss_sd,auc_mean,auc_sd
antilophi_bokermanni,bioclim,0.7657894736842106,0.061179947125600424,0.9103917464114832,0.033208349561569525
antilophi_bokermanni,glm,0.847188995215311,0.03496872899992875,0.9589563397129187,0.014727241635086062
antilophi_bokermanni,svm,0.8088516746411483,0.04939817140827683,0.9212769138755981,0.03160054474133193
